{"final_val_accuracy":0.9194630872483222,"train_accuracy":1,"learning_rate":0.00010027412784140692,"_runtime":50.774152031,"final_val_loss":0.2177443533335756,"_wandb":{"runtime":50},"_step":100,"_timestamp":1.7427277305361989e+09,"train_loss":0.04771161079406738}