{"train_accuracy":0.890625,"learning_rate":5.3e-05,"_wandb":{"runtime":31},"_timestamp":1.7427276675968945e+09,"_runtime":31.287154903,"_step":54,"train_loss":0.3279876708984375}