{"_step":122,"_wandb":{"runtime":135},"train_loss":0.1985682249069214,"train_accuracy":0.9140625,"learning_rate":9.458418577899775e-05,"_timestamp":1.7427345551075807e+09,"_runtime":135.6844133}