{"train_loss":0.021473916247487068,"train_accuracy":1,"learning_rate":0.0002829615010283344,"_timestamp":1.7427343024279704e+09,"_wandb":{"runtime":331},"_runtime":331.020502495,"_step":367}