{"train_accuracy":0.9210526347160339,"val_loss":0.3624990562464567,"final_val_loss":0.369235149165928,"_runtime":543.032382864,"_timestamp":1.742735105272964e+09,"train_loss":0.17438466846942902,"final_val_accuracy":0.8422818791946308,"_step":500,"learning_rate":1.0001096618257239e-06,"val_accuracy":0.8489932885906041,"_wandb":{"runtime":543}}