{"_wandb":{"runtime":58},"final_val_loss":0.2579960855061576,"learning_rate":0.00010027412784140692,"train_loss":0.08903872966766357,"final_val_accuracy":0.8959731543624161,"_runtime":58.672048806,"_step":100,"_timestamp":1.7427337256837933e+09,"train_accuracy":0.984375}